Iteration,Total Applicants Assigned,Total # Houses,Disabiled Applicants Assigned,% Disabiled Applicants Assigned,Distance Utility,# Blacks,# Hispanics,# Whites,# Others,% Blacks,% Hispanics,% Whites,% Others
1,292,292,80,1.0,561.9999999999953,107,40,134,11,0.49767441860465117,0.5,0.536,0.6470588235294118
2,292,292,61,1.0,561.9999999999872,112,46,121,13,0.5358851674641149,0.5,0.5020746887966805,0.65
