Iteration,Applicants Assigned,Number Houses Available,Percent Allocated
0,2871,2926,0.981203007518797
1,2872,2926,0.9815447710184553
2,2876,2926,0.9829118250170882
3,2874,2926,0.9822282980177717
4,2874,2926,0.9822282980177717
