Iteration,Total Applicants Assigned,Total # Houses,# Blacks,# Hispanics,# Whites,# Others,% Blacks,% Hispanics,% Whites,% Others
1,292,292,113,45,121,13,0.5566502463054187,1.423529411764706,0.002191536402777239,0.00010957682013886196
