Iteration,Total Applicants Assigned,Total # Houses,Disabiled Applicants Assigned,% Disabiled Applicants Assigned,Distance Utility,# Blacks,# Hispanics,# Whites,# Others,% Blacks,% Hispanics,% Whites,% Others
1,292,292,86,1.0,22.969750522153465,97,53,131,11,0.47317073170731705,0.6022727272727273,0.532520325203252,0.4782608695652174
2,292,292,75,1.0,21.459447900130307,117,49,112,14,0.5518867924528302,0.5384615384615384,0.47863247863247865,0.56
