Iteration,Total Applicants Assigned,Total # Houses,Disabiled Applicants Assigned,% Disabiled Applicants Assigned,Distance Utility,# Blacks,# Hispanics,# Whites,# Others,% Blacks,% Hispanics,% Whites,% Others
1,292,292,98,1.0,6.202471118346674,109,47,126,10,0.5477386934673367,0.46078431372549017,0.5185185185185185,0.5555555555555556
2,292,292,61,1.0,6.274016623556604,106,45,125,16,0.4669603524229075,0.5769230769230769,0.5555555555555556,0.5
