Iteration,Total Applicants Assigned,Total # Houses,Disabiled Applicants Assigned,% Disabiled Applicants Assigned,Distance Utility,# Blacks,# Hispanics,# Whites,# Others,% Blacks,% Hispanics,% Whites,% Others
1,292,292,31,0.5081967213114754,21.494687428727556,119,43,119,11,0.5458715596330275,0.4574468085106383,0.519650655021834,0.5238095238095238
2,292,292,33,0.515625,21.588881381647564,117,46,121,8,0.5416666666666666,0.5411764705882353,0.5041666666666667,0.38095238095238093
