Iteration,Total Applicants Assigned,Total # Houses,Disabiled Applicants Assigned,% Disabiled Applicants Assigned,Distance Utility,# Blacks,# Hispanics,# Whites,# Others,% Blacks,% Hispanics,% Whites,% Others
1,292,292,78,1.0,20.800449134427065,104,49,126,13,0.5416666666666666,0.532608695652174,0.49606299212598426,0.5416666666666666
2,292,292,67,1.0,32.08112754370853,101,39,142,10,0.5343915343915344,0.43820224719101125,0.5259259259259259,0.7142857142857143
