Iteration,Total Applicants Assigned,Total # Houses,Disabiled Applicants Assigned,% Disabiled Applicants Assigned,Distance Utility,# Blacks,# Hispanics,# Whites,# Others,% Blacks,% Hispanics,% Whites,% Others
1,292,292,35,0.5147058823529411,20.39731515244404,111,47,123,11,0.5634517766497462,0.5662650602409639,0.46946564885496184,0.55
2,292,292,42,0.56,84.78678721015903,106,45,126,15,0.5353535353535354,0.5172413793103449,0.5,0.6
